sample_name,stock_01_volume,stock_02_volume,stock_03_volume,stock_04_volume,solvent
test_01,0.005269746895265794,0.01649646374406337,0.0185322065030304,0.008366613728557709,0.05133496912908273
test_02,0.1580924068579738,0.07423408684828514,0.1297254455212128,0.20079872948538502,0.03714933128714326
test_03,0.03161848137159476,0.03299292748812674,0.0092661032515152,0.0027888712428525706,0.023333616645910743
